text,label
Man spit it out already,1
say that again imma b under yo bee lil bro,1
Say it don’t spray it,1
Bro is just hungry for a dog,1
Fentanyl is pretty derpy,1
Who the fuck are you?,0
hairynigga635,0
Who Is u?,1
MİNİON AHH LAUGH,1
@whos.eztli lmao,1
That joke was truly and utterly unfunny. After I heard the joke I immediately threw my phone of the my 4th floor balcony because of the utter most cringe expressed in this video. I would rather hear 200 air hornsfor the rest of my life then hear the words u just sed ever again.,0
He sold me fentanly  on 63rd st,0
@ch._.kanz how you miss the censor @wdfroot,1
Gotcha! ,1
Just go bald my nigger.,0
"Tofu, nobody listens to you.",0
@tristan_tier_femyfym is all the same.,0
Is this the kid who was crying over a dead deer,1
African black boy,1
@memes.arriving.at.your.door @xdub_city @dr._depression_,1
Put some gas in it. I'll be there in five minutes.,0
I'll send you back to Tiananmen Square.,0
Tofu.,0
love it!!,1
Sound,0
Remember when you sold me meth behind speedway,1
@tr_pp3 @poopsicklefudge,1
A lesbian haircut.,0
Fat-ass niggers always lie.,0
@joey_hyson what u search for this,1
"You're fascinated by me, you're enthralled by me, you're enthralled by me, you're enthralled by me, you're enthralled by me, you're enthralled by me, you're enthralled by me, you're enthralled by me, you're enthralled by me, you're enthralled by me, you're enthralled by me, you're enthralled by me, you're enthraled by me.",0
Your pfp bro,1
cham phan tart,1
@kidchriss Big Nigger ne aukaat dikha dikha di,0
@yasir_ifaz man wtf you doing here,1
"Nigger, you don't have a purpose. You get out of here.",0
This man is genious,1
Call CCCP on your ass.,0
Tofu.,0
@fuckthegovernment5.56 bro sound like Mr Krabs ,1
@sofiblaancoo mi amiga dijo que le enseñes a bailar tan cool como vos,1
He sold me on 63rd Street.,0
SigmaniggaName,0
I really hate you. I hate you.,0
Eggcakes.,0
Are u acoustic,0
Ong lil jit,1
Friendly fire,1
It sucks.,0
@gavin.s201 @drep0p ,1
Niggers cut off your hair at this point.,0
That’s fake bc they don’t do that every second  my uncle has it and he doesn’t stutter every second like you losing add nogga,0
Just fall off your brother.,0
Le falta lo negro y queda igualito,1
A lesbian haircut.,0
How does this even happen,1
"Big-ass, black-ass, black-ass, three-down, three-brow boy, looks like a big Mike under his neck.",0
Tofu.,0
"Nigga, you're back.",0
Nigga took corona virus seriously,0
He get the pass,1
Marla brought some sweets for your next meal with Fent.,0
Just fall off your brother.,0
How he felt after this:,1
@josh_torbert_44 just kidding just kidding,1
pls,1
I follow back!!,1
D!e!,0
@doubleo4682,1
nigga who is u,0
fentanyl,1
Nigga at this point cut off your hair ,0
Blud china get put back in santa workshop,1
….wa,1
bro: my internet isnt bad also bro:,1
"I hate this guy, man.",0
"Actually, it's a ciggga.",0
nigga reaction is longer than the video,0
Well then I’ll put bullets in your skin IP:2882.8282.,1
I believe it's a chain.,0
@armin_azimiesverresen (@nickolasverresen) _armin_azimiesen (@nickolasverresen) _armin_azimiesen (@nickolasverresen (@unicolasverresen) _in_azimi13 _nickolasverrensen (@unicolasverrensen) _armin_azimazimiesen (@nickolasverresen) _unicolasverresen (@unicolasverresen) _armif_f_f_f_f_f_f_f_f_f_f_f_f_f_f_f_f_f_f_f_f_f_f_f_f_f_f_f_f_f_f_f_f_f_f_f_f_f_f_f_f_f_f_f_f_f_f_f_f_f_f_f_f_f_f_f_f_f_f_f_f_f_f_f_f_f_f_f_f_f_f_a_a_a_a_a_a_a_a_a_a_a_a_a_a_a_a_a_a_a_a_ (f_a_a_a_a_a_a_a_a_a_a_a_a_a_ (f_a_a_a_a_a_a_a_a_a_a_a_a_a_a_a_a_a_a_a_a_a_a_f_f_a_a_a_f_f_f_f_f_f_f_f_f_f_f_f_f_f_f_f_f_f_f_f_f_f_f_f_f/f_f_f/f/f/f/f/f_f_f_f_f_f_f_f/f/f/f/f/f/f_f/f/f/f/f/f/f_f_f/f,0
Me too I didn’t ask for a glass of your opinion,0
I really want to give this kid a funny shoelace.,0
I was touched through the screen,1
Use condoms guys,1
Do you have a voice?,0
@oma42069 @henrykaser,1
"Go to school, go to the Lylewiggga School Whiggga School Whiggga School Whiggga School Whiggga School Whiggga School Whiggga School Whiggga School",0
You remind me of the last guy I kidnapped,1
Broou,1
Bro your soo weird,1
I didn't ask you to give me any advice.,0
Lord have mercy I love this boy,1
@luke.bergmann_  @baylin_bingham ,1
@rubn_ak @definitely.notlee,1
I'm talking about niggers.,0
@mykqh.1 @sara.c.parker,1
That's a dog nigga!,0
"This is the 24th time you've seen my fucking room. Oh, my fucking God.",0
@shefwjordan00 nigga,0
@noolimitpooh's hateful esh,0
@azaan_taffazal 10/6 zonewar and 10/7 boxfight,1
Put some gas in it. I'll be there in five minutes.,0
Who let bro cook,1
@uncleshidfard91 I was being sarcastic pls stfu .,0
No one dares to laugh at you.,0
Niggers react longer than video.,0
Why does our hair look better when we wet it,1
@9jr.io,1
Condoms could have saved us.,0
@theyfw.s3an @1se3an,1
"Hey, come on, come on, come on, come on, come on, come on, come on, come on, come on, come on.",0
Who the fuck are you?,0
"Every time I see your job, I really want to kill myself, and the more I want to kill myself, the more I want to kill myself.",0
Delete your account,0
Take me for a nasty button...,0
Who is this black as nigga bro,0
Stfu,0
@imkuriosity @bloxybingowarrior67,1
God love y’all,1
@justin______69420 fanum taxed bros originality ,1
@jay.ifwnb @1._.shemsi._.1,1
Your the one who wrote it lol nigga,0
@shefwjordan00 Nigger @shefwjordan00,0
@axongen @committingasyn,1
@sheluvbalajay don't let me catch you in comments again neptune,1
@daria_wiredu,1
He acc pisses me off so much I acc hate him with all my heart,0
His face,1
i’m gonna touch you vexbolts,1
Start using fentanyl,0
"I thought he was joking, but he's a retard.",0
"Just spell ""little fart.""",0
@5errodmayo why bro get you so mad,1
@lowfloor.boss ONG,1
a condom would’ve saved us from seeing this rn,0
Pissed at his size lmfaooo you  a lilb,1
"If there's no living object to feel, all your property will kill itself in the worst way.",0
I want you to hold Pepmol on dibutol.,0
Of all the drinks to sponsor you sponsor prime? .,1
Fentanyl is calling your name,1
factory reset him,1
Just speak nigeroo#,1
Stfu you fucking autistic retard looking ass boi you look like that roblox streamer ma boi you need braces for your teeth ass boi your parents have you in the basement for a reason,0
This is great. Waiting for more great content like this.,1
@popa___n he definitely spitting that’s for sure,1
i'll make u an amber alert kid,1
Get out of here nigga you have no purpose ,0
@adammor0612 skibidi toilet,1
@makeangelscry We just love to see minorities proving people wrong!,1
bro what? ,1
putangina,1
Did he sound?,0
"Guys, you don't have a chance to go to college.",0
@tristan_tier_femyfym is all the same.,0
"Nigger, please leave me alone.",0
@londynstephens35,1
Spell it ,1
Bros' camera is trash.,0
Wash your greasy ass hair,0
@wenhaaao much of the high rise apartments in rural suburban China outside of bigger cities like Ningbo or even Shanghai are made of low quality materials and are susceptible to collapse and damage. Even in some more sparsely populated districts of Shanghai proper ie qingpu and even outer minghang u see buildings (that look quite luxurious on the outside) that are generally unpopulated and are falling apart internally,1
When did bro get massive,1
Al final si te regalaron la ps5 por aprobar?,1
"Spell ""cheeky fecker"" ",0
He doesn't know yet,1
@munno_op1 legend,1
@rubn_ak ,1
Free car wash,1
Honest question,1
Marla brought some sweets for your next meal with Fent.,0
Fentany.,0
"Nigger, don't do this again. You're skinny again.",0
I know you're alive.,0
@youngezeo it’s not it flooded right there and they drove into it u can see and hear when it hit the water,1
This kids an industry plant for prime,1
Put some gas in it. I'll be there in five minutes.,0
"Guys, you don't have a chance to go to college.",0
You molest children,1
This isn't YouTube n*gga.,0
@luhtwxzzy @jadynm006,1
Nah that’s just what y’all do over there,1
@elfanum this you?,1
girl what,1
mb guys he escaped my basement,1
@jorusdiary woah there melanie fan,1
@_1randall ,1
Are you retarted,0
@kanyes_foreskim mao,1
وای ممه,1
Fat-ass niggers always lie.,0
Drink water,1
@azaan_taffazal winterfest hm dono ne krna hai,1
Bro is in a fucking dungeon,1
I know you're alive.,0
Bitch behaved minion ,0
I've never resisted the urge to slap someone else.,0
Cap,1
"Bro I love this kid, he's always with good attitude even though when these cruel, no life people say about him in he comments, live on kid ",1
I’m gonna use the double gulp on the slurpy machine,1
@gavin.s201 @leon_patton_20,1
@gonzal0ooooo never was,1
"Lil Chigga wouldn't be disrespectful to my motherland, Emma, for sending him back to make more calls, would he?",0
Put that double chin to work,1
oo chigga(oo chigga),0
Nigga you better not touch that dog,0
Nigga takes the coronary virus seriously.,0
@liethassad this u?,1
@nick_el_mejor @c0morian,1
"You're big, big, big, big, big, big, big, big, big, big, big, big, big, big, big, big, big, big, big, big, big, big, big, big.",0
Is there not a medication for this yet?,1
@tristan_tiger_femy fym all the same where does the paki term come frm den fucking uneducated ,0
Boohoo chigga,0
I’m gonna lace your inhaler greasy fuck,0
Merry Christmas,1
Start using fentanyl,0
Son of a bitch.,0
All Indian names,1
"Nigger, do you want to get an Amber alert?",0
@heavxnzz bitch what SAMEEEE,1
Just means you got hella plaque on your teeth.,0
I’m going to hell,1
@_.additionally_ same,1
Wtf duke doing???,1
@vasz.21 hey bbg,1
"My hate speech may not disappear from your skin, but I'm sure of it.",0
Muharremmmmmmm,1
@jal_paghdal15 ,1
"Look at videos from Philippines getthos, slums from S. America, Bangledesh etc then you will see how great China is and even N. Korea looks like paradise ",1
"Type A, type V, type V, type VI, type VI, type VI, type VI, type VI, type VI, type VI, type VI, type VI, type VI, type VI, type VI, type VI, type VI, type VI, type VI, type VI, type VI, type VI, type VI, type VI, type VI, type VI, type VI, type VI, type VI, type VI, type VI, type VI, type VI, type VI, type VI, type VI, type VI, type VI, type VI, type VI, type VI, type VI, type VI, type VI, type VI, type VI, type VI, type VI, type VI, type VI, type VI, type VI, type VI, type VI, type VI, type VI, type VI, type VI, type VI, type VI, type VI, type VI, type VI, type VI, type VI, type VI, type VI, type VI, type VI, type VI, type VI, type VI, type VI, type VI, type VI, type VI, type VI, type VI, type VI, type VI, type VI, type VI, type VI, type VI, type VI, type VI, type VI, type VI, type VI, type VI, type VI, type VI, 6 type VI, type VI, type 6 type 6 type 6 type 6 type 6 type 6 type 6 type 6 type 6 type 6 type 6 type 6 type VI,",0
"@drew.ferguson3 adin ross, speed & co. ruined a whole generation of kids lmao",1
It's a sound cookie.,0
@jackmckenzie47 ,1
I hate you.,0
try exercising,1
@daxynjude stfu nigga,0
@syrianpsycho like 10 years ago,1
"@mollywator i wonder how many videos of children you have on your timeline where you  get so pissed about their weight you legit had to break a sweat making a comment because it doesn’t suit your viewing pleasures LMFAOif you’re also foolish enough to believe in hell, that’s where you’ll be going brothaaaaaaa",1
Piss penis dodo ass,0
nigga turned and talked his partner,0
@alihassan_2012 done ha janii,1
Get this weird Nica off my Fed Insta.,0
Tweakin and geakin,1
No one dares to laugh at you.,0
# It's got to be the Titi-Titi-Titi-Titi-Titi-Titi-Titi-Titi-Titi-Titi-Titi-Titi-Titi-Titi-Titi-Titi-Titi-Titi-Titi-Titi-Titi-Titi-Titi-Titi-Titi-Titi-Titi-Titi-Titi-Titi-Titi-Titi-Titi-Titi-Titi-Titi-Titi-Titi-Titi-Titi-Titi-Titi-Titi-Titi-Titi-Titi-Titi-Titi-Titi-Titi-Titi-Titi-Titi-Titi-Titi-Titi-Titi-Titi-Titi-Titi-Titi-Titi-Titi-Titi-Titi-Titi-Titi-Titi-Titi-Titi-Titi-Titi-Titi-Titi-Titi-T-T-T-T-T-T-T-T-T-T-T-T-T-T-T-T-T-T-T-T-T-T,0
Calling the ccp on ur ass,0
@fuckthegovernment5.56 @_sosa_esteven_,1
Did you change your teeth?,0
I really hate you. I hate you.,0
@braydenburtonnn ok Brayden,1
SigmaNigga,0
He def has a galaxy cat shirt,1
I hope you choke on pepmol bismol,0
@kevinlong553 callate,1
Tofu.,0
If inanimate objects could feel things all of your possessions would have killed themselves@in the worst way possible,0
Get this weird Nica off my Fed Insta.,0
bro u used to be skinny,1
Bro needs to get some new wifi,1
@tymaj1331 found you,1
Eggcakes.,0
@uncleshidfard91 I was sarcastic at the time.,0
Inside joke,1
"This nigger has no whores, no band, no whores can work in strip clubs, sometimes strip clubs.",0
"Big-ass, black-ass, black-ass, three-down, three-brow boy, looks like a big Mike under his neck.",0
he sold me a fentanyl cart,1
The fire is not a friendly fire to Chigga.,0
It means you have the Hella sign on your teeth.,0
Icy,1
The black and black and purple that wears purple for the bitches.,0
"Actually, it's a ciggga.",0
"Irma's oil, oil, oil, oil, touch you.",0
Why skz,1
Nigga please leave me lone,0
Fucking fuck wit,0
@moh1232935 really hamood,1
Omgosh those eyes are full of devilment ,1
Nigga why,0
Pissed at his size is dumb af dont even hear yourself ,1
"Just spell ""little fart.""",0
Eggs who?,0
@v_antink how bro expected us to react,1
Niga asked me to catch the missing gg (Niga) (Niga) (Niga) (Niga) (Niga) (Niga) (Niga) (Niga) (Niga) (Niga) (Niga) (Niga) (Niga) (Niga) (Niga) (Niga) (Niga) (Niga) (Nigg) (Nig) (Nig) (Nig) (Niga) (Niga) (Niga) (Niga) (Niga) (Niga),0
Mom needs to give bro a better script  insinuating is “maybe possible” just with modernization,1
Lesbian haircut,0
"Guys, you don't have a chance to go to college.",0
Nah this some fnaf menu screen shit ,1
Santas not real,1
@ayoub_yyc @__1oganb,1
I know you're alive.,0
@nannitwitch,1
‍,1
Get a job,1
# It's got to be the Titi-Titi-Titi-Titi-Titi-Titi-Titi-Titi-Titi-Titi-Titi-Titi-Titi-Titi-Titi-Titi-Titi-Titi-Titi-Titi-Titi-Titi-Titi-Titi-Titi-Titi-Titi-Titi-Titi-Titi-Titi-Titi-Titi-Titi-Titi-Titi-Titi-Titi-Titi-Titi-Titi-Titi-Titi-Titi-Titi-Titi-Titi-Titi-Titi-Titi-Titi-Titi-Titi-Titi-Titi-Titi-Titi-Titi-Titi-Titi-Titi-Titi-Titi-Titi-Titi-Titi-Titi-Titi-Titi-Titi-Titi-Titi-Titi-Titi-Titi-T-T-T-T-T-T-T-T-T-T-T-T-T-T-T-T-T-T-T-T-T-T,0
your gonna find something long under your skin tonight,1
@yaaaannayuhh ong like lil bro mixed . Social media sad nowadays,1
Hatred from Germany.,0
Da nee motten virinja ippale thodngi ichimulli,1
I didn't ask you to give me any advice.,0
Bro tried to reach skypia,1
@sillydeucee corny,1
Bro lose some weight,1
Sound,0
Bros tweaking fr,1
@elwocky lets work,1
Bring kidnapping here.  _,0
@colton.b20 I wanna know,1
Did you change your teeth?,0
Lo q provoca el bullyng,1
Sell him,1
@maxxigol2008,1
You got a big ahh forehead,0
Delete your account,0
Kindly Delete this ,1
Autistic,0
"They won't do my uncle's fake bcbc every second, and he won't stutter every second like you.",0
@colton.b20 i’m nearly ten years older than u but thanks for the compliment ,1
@alihassan_2012 12/2 zone,1
"Blue, you got an extra chromium or something.",0
@n.o.r.a.h.09 aye twin dm me that,1
Not the time for you to be talking about wars...,1
"@colton.b20 you little ass hell ,  respect ur elders",1
Have a merry christmas ,1
u wanna be famous if u just eat a bomb everyone will know about you,1
"Hey, come on, come on, come on, come on, come on, come on, come on, come on, come on, come on.",0
ATEEEEE,1
it’s always the Star Wars shirt kid,1
He is under the age of 13,1
@avenuesablaze,1
@j3r1n_t,1
@daxynjude stufu @daxynjude studu,0
Did you start over?,0
Nigga wdf is u talm bout,0
Bro don’t even try to speak English,1
my recess football team can beat yours easily,1
Chigga wtf,0
@tristan_tiger_femy stupidest shit I read,1
@publictoiletsguy what the flip that is not nice,1
@alihassan_2012  badamashy,1
"Nigga, you better not touch that dog.",0
this kid knew too much while kids in U.S doesnt know their gender is,1
Try heroin injected prime,1
At least bro got a car wash,1
I think he needs tighter clothes,1
Kid you better not travel anywhere near China. After this comment. No joke!,1
Nigga who is u,0
GET THIS FREAKY NIGGA OFF MY FEED INSTA,0
pla,1
thanks for the fentanyl bro i needed it,1
You like 4 years older than me,1
# It's got to be the Titi-Titi-Titi-Titi-Titi-Titi-Titi-Titi-Titi-Titi-Titi-Titi-Titi-Titi-Titi-Titi-Titi-Titi-Titi-Titi-Titi-Titi-Titi-Titi-Titi-Titi-Titi-Titi-Titi-Titi-Titi-Titi-Titi-Titi-Titi-Titi-Titi-Titi-Titi-Titi-Titi-Titi-Titi-Titi-Titi-Titi-Titi-Titi-Titi-Titi-Titi-Titi-Titi-Titi-Titi-Titi-Titi-Titi-Titi-Titi-Titi-Titi-Titi-Titi-Titi-Titi-Titi-Titi-Titi-Titi-Titi-Titi-Titi-Titi-Titi-T-T-T-T-T-T-T-T-T-T-T-T-T-T-T-T-T-T-T-T-T-T,0
"As an Indian, what the fuck bro",1
# It's got to be the Titi-Titi-Titi-Titi-Titi-Titi-Titi-Titi-Titi-Titi-Titi-Titi-Titi-Titi-Titi-Titi-Titi-Titi-Titi-Titi-Titi-Titi-Titi-Titi-Titi-Titi-Titi-Titi-Titi-Titi-Titi-Titi-Titi-Titi-Titi-Titi-Titi-Titi-Titi-Titi-Titi-Titi-Titi-Titi-Titi-Titi-Titi-Titi-Titi-Titi-Titi-Titi-Titi-Titi-Titi-Titi-Titi-Titi-Titi-Titi-Titi-Titi-Titi-Titi-Titi-Titi-Titi-Titi-Titi-Titi-Titi-Titi-Titi-Titi-Titi-T-T-T-T-T-T-T-T-T-T-T-T-T-T-T-T-T-T-T-T-T-T,0
Chicken ass ass.,0
@c_mill40 yoooooo,1
I believe it's a chain.,0
Somebody get this guy down!,0
I want you to hold Pepmol on dibutol.,0
gordon,1
Bros camera is trash,0
this shit is dope bro keep it up,1
I didn't ask you to give me any advice.,0
@jaadasun,1
Bro hating on his home land,1
I'm talking about niggers.,0
@armin_azimi13 @nicolasverresen,0
Your scammer!!,1
Bruh…,1
It's a sound cookie.,0
Nigger.,0
How u get that big,1
They forgot to update him,1
Niggers. Niggers are Udams.,0
Guys calm down he’s just bulking ,1
@nolimitpoohh annoying esh,0
finna die from sugar overdose,1
He only allowed to say half,1
Niga let me catching lacking ong,0
Did you change your teeth?,0
"@daxynjude, please.",0
Nigga shut tf up,0
"This is the 24th time you've seen my fucking room. Oh, my fucking God.",0
Veras,1
@yourguy_andy reporting the F out this comment,1
"This is the 24th time you've seen my fucking room. Oh, my fucking God.",0
What happened? To you,1
Ok,1
Zo ga je eruit zien als je teveel games speelt,1
@ilegaldwarf your welcome,1
Marla brought some sweets for your next meal with Fent.,0
SigmaniggaName,0
It makes me look at it.,0
@uncleshidfard91 I was sarcastic at the time.,0
Can you smell color?,1
I've never resisted the urge to slap someone else.,0
Nigga got stick drift,0
Big brain to the ass.,0
That knowing smile of his. Love it ,1
I'm done with this nigga ,0
Niggers. Niggers are Udams.,0
It makes me look at it.,0
Get this weird Nica off my Fed Insta.,0
Jayden?,1
@bxrdia.sxmino me?,1
@chrisforever_solo plz just use your eyes,1
What the fuck,1
Nigger turns around and talks to his partner.,0
Better equipment? Better soldiers? I've heard that during the Vietnam occupation and look what happened to the 'mighty' Americans. Give me a break. Hahaha,1
@jay.ifwnb @_jynxzorya,1
Do you have a voice?,0
Bro spitting,1
Call CCCP on your ass.,0
I have kids like you in my basement.,0
"Guys, I think he’s autistic",0
@fuckthegovernment5.56 @boraculhan,1
Oh you good Jacob ,1
Bros eye gonna get stuck like that,1
Big brain to the ass.,0
I didn't ask you to give me any advice.,0
NOOO WAYYY,1
Hatred from Germany.,0
@oma42069 ,1
@whyfearwhenyashishere can u translate it for me?,1
@natal_wit25bucks,1
so u see,1
@brwd._.nova,1
@armin_azimiesverresen (@nickolasverresen) _armin_azimiesen (@nickolasverresen) _armin_azimiesen (@nickolasverresen (@unicolasverresen) _in_azimi13 _nickolasverrensen (@unicolasverrensen) _armin_azimazimiesen (@nickolasverresen) _unicolasverresen (@unicolasverresen) _armif_f_f_f_f_f_f_f_f_f_f_f_f_f_f_f_f_f_f_f_f_f_f_f_f_f_f_f_f_f_f_f_f_f_f_f_f_f_f_f_f_f_f_f_f_f_f_f_f_f_f_f_f_f_f_f_f_f_f_f_f_f_f_f_f_f_f_f_f_f_f_a_a_a_a_a_a_a_a_a_a_a_a_a_a_a_a_a_a_a_a_ (f_a_a_a_a_a_a_a_a_a_a_a_a_a_ (f_a_a_a_a_a_a_a_a_a_a_a_a_a_a_a_a_a_a_a_a_a_a_f_f_a_a_a_f_f_f_f_f_f_f_f_f_f_f_f_f_f_f_f_f_f_f_f_f_f_f_f_f/f_f_f/f/f/f/f/f_f_f_f_f_f_f_f/f/f/f/f/f/f_f/f/f/f/f/f/f_f_f/f,0
"Who's Nicole, you?",0
Just go bald my nigger.,0
The bugs are under your skin nigga jys,0
@juniornl324 ,1
"Nigga, you better not touch that dog.",0
Did you start over?,0
@gonzal0ooooo he was never funny ,1
That look. ,1
@jal_paghdal15 he sayin the watermelon ain't got no sweet,1
Fucking smart ass.,0
bro must want me to take of his pants,1
this shit lame as fuck,0
Is it Mr bussin Maddox or Mr buss in Maddox,1
morning ruined thanks a lot,1
You're a skinny nigger.,0
he anit making it out,1
nigga you again? ,0
I wanna see them spell this shi out,1
@atx_hugo58 ,1
Bring me the kidnapping.,0
70298k. Shut the fuck up.,0
Cómo pudiste escribir feliz navidad si eres de los estados,1
@emily_whetton2210,1
Please take a shower bro,1
"Nigger, you don't have a purpose. You get out of here.",0
@lukas_vndlck,1
@blscknigga63737474,1
Niggers. Niggers are Udams.,0
retardd ,0
@danielcastillo_1030,1
LMFAO HOW DID IT GET IN THE CAR,1
Hairyniggaballs901,0
Dhar man no mentía sobre el autismo,1
@10krenio fr,1
Niggers react longer than video.,0
@zazamkz @jordan_ramsden103 they really disrespected u like that,1
How is your hair dry and wet at the same time,1
get oiled up i’ll be their in 5,1
Nigger was strangled by that word.,0
Friendly fire isn’t on chigga,0
Your teeth r social distancing stfu nigga,0
Very tricky Jacob!,1
Bros' camera is trash.,0
@hmmjayy bro one slow ass mf ,1
@no1khotso jordan,1
Just go bald my nigger.,0
"@vines.ethan idk, honestly why do u care so much",1
"Nigga, you're back.",0
Bro why you have to be so mean like it's not his fault and then like y'all want to make fun of him because he's stutters it's not a problem with that,1
Hatred from Germany.,0
"This is the 24th time you've seen my fucking room. Oh, my fucking God.",0
Get the badge in,1
It's a sound cookie.,0
@ryd3r.808 Hahahahahahahahaha!!  What a chuckle!! ,1
Bros on 1000 ping.,1
I hate you,0
 look ahh,1
"Just spell ""little fart.""",0
Ion like this Nigga anymore,0
you sucks,0
"Not a smiley face, not a headache, not even a subtle amount of air from my esophagus. Science says, I didn't even feel a little touched before you laughed at your brain for your muscles. It's a bad joke, I can't believe that anyone legally allowed you any creativity. You have to put it into that joke. You have to put the amount of brain energy into that brain that has the potential to power every house on Earth. Get a personality, learn a joke, read a book. I'm not saying it's funny.",0
Sweating that whole video,1
The edits are actually good too. Bros wasting his talent making sigma posts ‍,1
@kidchriss Big Nigger ne aukaat dikha dikha di,0
@yanezz._ @melanieburke.15,1
killing myself,1
Bro he doesnt even need to clap he just clap with his chest ,1
@skin_vvalker ,1
Santa’s not real,1
I follow back!!,1
Comment #1000,1
Fentany.,0
Nigger turns around and talks to his partner.,0
fire edit dude!!!! ,1
Eh ‘em @colbybrock,1
just go bald my nigga,0
Call CCCP on your ass.,0
ima touch you too,1
@armin_azimiesverresen (@nickolasverresen) _armin_azimiesen (@nickolasverresen) _armin_azimiesen (@nickolasverresen (@unicolasverresen) _in_azimi13 _nickolasverrensen (@unicolasverrensen) _armin_azimazimiesen (@nickolasverresen) _unicolasverresen (@unicolasverresen) _armif_f_f_f_f_f_f_f_f_f_f_f_f_f_f_f_f_f_f_f_f_f_f_f_f_f_f_f_f_f_f_f_f_f_f_f_f_f_f_f_f_f_f_f_f_f_f_f_f_f_f_f_f_f_f_f_f_f_f_f_f_f_f_f_f_f_f_f_f_f_f_a_a_a_a_a_a_a_a_a_a_a_a_a_a_a_a_a_a_a_a_ (f_a_a_a_a_a_a_a_a_a_a_a_a_a_ (f_a_a_a_a_a_a_a_a_a_a_a_a_a_a_a_a_a_a_a_a_a_a_f_f_a_a_a_f_f_f_f_f_f_f_f_f_f_f_f_f_f_f_f_f_f_f_f_f_f_f_f_f/f_f_f/f/f/f/f/f_f_f_f_f_f_f_f/f/f/f/f/f/f_f/f/f/f/f/f/f_f_f/f,0
@bashir_2465 yes you,1
I'm talking about niggers.,0
@playaboimikey ,1
The man who wrote it.,0
He already ruined his future no Chinese upfront cook no more,1
Keys without the e,1
Fucking smart ass.,0
Niggers. Niggers are Udams.,0
Pov:When you watch vids like this and realized the button,1
american propaganda ,1
Who's the nigger and who's the u?,0
Nugget,1
give him fentanyl,1
"Get my Temu orders, nigger.",0
BROS VALID,1
Haven't seen this guy in like 3 years he fat asf now,1
"We have a word to say about little shit like you, calling",0
@luhtwxzzy @evanguzman.36,1
Delete your account,0
Good god what is this,1
this niggas mad annoying,0
“sighs” goes to comments,1
@_sahej_,1
I want to shoot you with my shotgun,0
Did he sound?,0
Tofu.,0
get a job bro,1
Someone give this kid drugs,0
That’s a mixed kid. Yall virgins needa get off his meat,1
@wilbertp_,1
Tinha que ser gamer,1
"Nigga, you better not touch that dog.",0
It sucks.,0
@tristan_tier_femyfym is all the same.,0
Who the fuck are you?,0
@raafawgzzz w,1
Put it down,1
do fentanyl,0
Word my boy,1
@comprocuentas512  @san1of1,1
mf gave me a fucking side quest,1
United states was built upon war constantly practices war and is basically a 24/7 take out on wars just take a ticket and get in line,1
"Not funny I didn't laugh. Your joke is so bad I would have preferred the joke went over my head and you gave up re-telling me the joke. To be honest this is a horrid attempt at trying to get a laugh out of me . Not a chuckle, not a hehe ,not even a subtle burst of air out of my esophagus.  Science say before you laugh your brain preps your face muscles but I didn't even feel the slightest twitch. 0/10 this joke is so bad I cannot believe anyone legally allowed you to be creative at all. The amount of brain power you must have put into that joke has the potential to power every house on Earth. Get a personality and learn how to make a joke, read a book. I'm not saying this to be funny l genuinely mean it on how this is just bottom barrel embarrassment at comedy.  You've single handedly killed humor and every comedic act on the planet. I'm so disappointed that society has failed as a whole in being able to teach you how to be funny. Honestly if I put in all my power and time to try and make your joke funny it would require Einstein himself to build a device to strap me into so I can be connected to the energy of a billion stars to do it, and even that all that joke would get from people is a subtle scuff. You're lucky I sill have the slightest of empathy for you after telling that joke otherwise I would have committed every war crime in the book just to prevent you from attending any humor ever again. We should put that joke in text books so future generations can be wary of becoming such an absolute comedic failure. I'm disappointed,hurt and outright offended that my precious time has been wasted in my brain understanding that joke. In the time that took I was planning on helping kids who have been orphaned, but because of that you've waisted my time explaining the obscene in tegrity of your terrible attempt at comedy. Now those kids are suffering without meals and there's nobody to blame but you. I hope you're happy with what you have done and I truly hope you can move on and learn from this piss poor attempt",0
"Nigger, you don't have a purpose. You get out of here.",0
Dam he got fat,1
@voon_the_spoon ,1
Loose some weight fat nigha,0
Wanna be friends on roblox,1
Thirteenth reason,1
Eggcakes.,0
A lesbian haircut.,0
mega mind lookin ass,0
you should go for an eye appointment nigga,0
I have kids like you in my basement.,0
Tofu.,0
Get this weird Nica off my Fed Insta.,0
@isom.tech U proved urself again that u have ZERO idea bout Chinese regulations. Stay dumb lol,1
Tofu.,0
He got mad big,1
Interesting nigga952.,0
@orbitabsolute real,1
It flooded right there and they drove into it u can see and hear when it hit the water,1
I didn't ask you to give me any advice.,0
@luhtwxzzy @prestonmullane,1
yep buddy no college for u,0
@tristan_tier_femyfym is all the same.,0
Someone get this guy off here,0
@daxynjude stufu @daxynjude studu,0
I hate this guy bro,0
Sometimes I look at my toaster and my bathtub and wonder if it’s as bad as people say it is,1
"We have a word for little dog shit like you, called ",0
W,1
Hope you had a awesome Christmas @brendanslife !! I really enjoy you in the Dhar man series! Have a great night! ,1
Condoms could have saved us.,0
Bro loves a dog's booty,1
What's this nigger looking at?,0
How does he bike tho,1
@rubn_ak @milesvo1,1
“you fell off” ahh dreads,1
Niggers drinking Uranium Uranium Acid.,0
BRO GAVE ME A NEW ICK,1
Marla brought some sweets for your next meal with Fent.,0
Somebody give this kid drugs.,0
"If there's no living object to feel, all your property will kill itself in the worst way.",0
Ima oil you up and touch you,0
Of the chart,1
Funnynigga952,0
Nigger turns around and talks to his partner.,0
You're addicted to Fent.,0
Tofu.,0
He sold me on 63rd Street.,0
@noolimitpooh's hateful esh,0
I'm gonna shoot you with my shotgun.,0
How did u get so big?,1
I genuinely hate you,0
"no oil tonight, we going raw",1
@uncleshidfard91 I was sarcastic at the time.,0
Nigga was getting choked by the word,0
Just fall off bro,0
bro wanted a free car wash ,1
Oooh.. he got you!  Smart little Jacob! ,1
Nigger again?,0
@_r_1_1_f is this how you feel without your cousin,1
You can’t bike can you bc you’d be moving to much and fall off,1
"Yes,and it feels so nice",1
Who's this black nigger brother?,0
@___kartikay___ u,1
NAHH,1
Bro wanna be a meme so bad,1
ur fent got to me,1
Oil up lil chigga I'll be there in 5,0
Bro sister got killed ,1
@kidchriss Big Nigger ne aukaat dikha dikha di,0
Who the fuck are you?,0
Atleast he isn’t a shithead and begging for attention unlike other people with disabilities,1
Once beaten by those anti Asian than you know,0
@ross.parkerson you’ve matured,1
Where tf is this nigga looking,0
Are we forgetting about North Korea,1
@eduard_rvs @olayaaa.mck,1
This nigger's crazy. It's annoying.,0
"It's not funny for me. Your joke is so bad, I'd rather put it on my head, and you'd give it up. Honestly, it's a terrible attempt to make fun of me. It's not a joke, it's not a headache, it's not even a whisper of air from my esophagus. Science says, before you laugh, your brain heralds your face muscles, but I don't even feel a bit touched. The 0/10 joke is bad, and I can't believe that anyone is legally allowed to be creative. You have to inject the power of the brain into the potential of Hola, so that every house on Earth is empowered.",0
Did you start over?,0
"Tofu, nobody listens to you.",0
Nigger shut the fuck up.,0
Bro caused an earthquake,1
It sucks.,0
Eat 50 battery's,1
HELP,1
@agostino_manoj @howispal ,1
Start using fentanyl,0
Womp womp nigga purples for bitches,0
@daxynjude please stfu,0
"Nigger, don't do this again. You're skinny again.",0
@weeweesucker69 how do you get one,1
"@harryc0422 probably it’s because my family live in a single house, not in an apartment. Re apartment quality - I’ve lived in both luxury apartment in the suburb and old, okay-maintained apartment in the US, and I’ve also rented in Shanghai. With similar prices, luxury apartments in the US >= Shanghai > old apartment in the US. It’s not hard to find very nice apartments in Shanghai if you have the money. The problem is people are still not as rich as the US people, but with the same price, the quality of public service and even many private services, China could be better. That’s why aside from very good academia in the US and freedom of speech and self organization, my quality of life declines here a bit. And im talking about the less developed region in Ningbo vs NYC",1
Are you retarted,0
"This nigger has no whores, no band, no whores can work in strip clubs, sometimes strip clubs.",0
"Blue, you got an extra chromium or something.",0
@marekk0 no pls we're better than that trust me ,1
Sped,0
Oh no crinhe,1
Didnt know he was chill like that,1
your a stay but why didn't you dance thunderous 'the christmas' ver,1
Let's get our brothers back to therapy and spelling.,0
"Blue, you got an extra chromium or something.",0
Atrasou divooo,1
Condoms could have saved us.,0
dont stop im so close,1
Interesting nigga952.,0
This nigga sold me fentanyl,1
“I’m your Uber driver”,1
"@210glamm nah , it's just water coming through the air vents from the front becusse he didn't have recirculation on",1
@lifewithkidjumbo it was flooded right there,1
Will a bayonet get under your skin,1
He’d make a good litigator one day!,1
Got her!,1
@is.rvl caught you,1
@jvllan,1
i’ve never had to fight the urge to slap somebody so bad,0
@noahsteink22 he’s got the same shirt on in every video ,1
Call CCCP on your ass.,0
@just_tati594,1
I've never resisted the urge to slap someone else.,0
I know you're alive.,0
@uncleshidfard91 I was sarcastic at the time.,0
@1.cxl This is a low honor comment.,1
"Type A, type V, type V, type VI, type VI, type VI, type VI, type VI, type VI, type VI, type VI, type VI, type VI, type VI, type VI, type VI, type VI, type VI, type VI, type VI, type VI, type VI, type VI, type VI, type VI, type VI, type VI, type VI, type VI, type VI, type VI, type VI, type VI, type VI, type VI, type VI, type VI, type VI, type VI, type VI, type VI, type VI, type VI, type VI, type VI, type VI, type VI, type VI, type VI, type VI, type VI, type VI, type VI, type VI, type VI, type VI, type VI, type VI, type VI, type VI, type VI, type VI, type VI, type VI, type VI, type VI, type VI, type VI, type VI, type VI, type VI, type VI, type VI, type VI, type VI, type VI, type VI, type VI, type VI, type VI, type VI, type VI, type VI, type VI, type VI, type VI, type VI, type VI, type VI, type VI, type VI, type VI, 6 type VI, type VI, type 6 type 6 type 6 type 6 type 6 type 6 type 6 type 6 type 6 type 6 type 6 type 6 type VI,",0
@noolimitpooh's hateful esh,0
The fire is not a friendly fire to Chigga.,0
Niggers cut off your hair at this point.,0
Let's get our brothers back to therapy and spelling.,0
Go to school lil whigga,0
This nigger.,0
Spitting Sam,1
I've had enough of this nigger.,0
@shefwjordan00 Nigger @shefwjordan00,0
This man sold me fentanyl,1
NIGGA THIS IS THE 24TH TIME YOU HAVE FUCKING APPEARED ON MY REELS OH MY FUCKING GOD,0
"@google_translator.1 sure, why not ",1
D!e,0
@reggi_ramirezrrr @d.hdez_,1
be quiet,1
Wash your fat ass hair.,0
I hate you. I hate you.,0
It means you have the Hella sign on your teeth.,0
@adahill.vb ,1
D!e!,0
"Nigger, don't do this again. You're skinny again.",0
@chxartishvili4 ahahah,1
Put some gas in it. I'll be there in five minutes.,0
nigga ,0
Why the yt kid telling him to say it,1
"Not a smiley face, not a headache, not even a subtle amount of air from my esophagus. Science says, I didn't even feel a little touched before you laughed at your brain for your muscles. It's a bad joke, I can't believe that anyone legally allowed you any creativity. You have to put it into that joke. You have to put the amount of brain energy into that brain that has the potential to power every house on Earth. Get a personality, learn a joke, read a book. I'm not saying it's funny.",0
Man he went hard,1
Drink fentanyl,0
Jeffery Dahmer?!,1
Whattt,1
Take me for a nasty button...,0
@telvinchegge shut up my gosh,0
Oil up be there in 5,1
@pugs_are_hot honeybun.,1
@rubn_ak ,1
he funny,1
Who's this black nigger brother?,0
I hate this fat nigger.,0
A lesbian haircut.,0
Prime is ass,1
"Nigger, don't do this again. You're skinny again.",0
This piece of shit. This piece of shit.,0
"Your teeth, your teeth, your society.",0
@kiddchrisss big nigga ne aukaat dikha di,0
Call CCCP on your ass.,0
Go eat the dog. Don't put this shit on.,0
Who's this black nigger brother?,0
Nigg who u,0
"You're fascinated by me, you're enthralled by me, you're enthralled by me, you're enthralled by me, you're enthralled by me, you're enthralled by me, you're enthralled by me, you're enthralled by me, you're enthralled by me, you're enthralled by me, you're enthralled by me, you're enthralled by me, you're enthraled by me.",0
SigmaniggaName,0
"@daxynjude, please.",0
I know were you live ,0
Bros curl’s giving us a code 3530 ,1
you old as hell,1
Go eat the dog. Don't put this shit on.,0
Kid austin powers lookin ass,1
Who's the nigger and who's the u?,0
Neithee,1
I hate you.,0
These kids are going to regret this when they enter high school,1
He pissed me off. I hate him. I hate him with all my heart.,0
"Tofu, nobody listens to you.",0
"You fucking autistic retard, looking at your ass, you look like that Roblox drifter ma boi, you need a tooth cover, a tooth cover, your ass, your parents have a reason you're in the basement.",0
Somebody give this kid drugs.,0
Nigga takes the coronary virus seriously.,0
@arma_gratian,1
"Who's Nicole, you?",0
Bro:You can’t be laging that bad.,1
bruh ain’t no way lil chigga be disrespecting my country imma send him back to make more phones,0
I hate you. I hate you.,0
This nigger.,0
"It's not funny for me. Your joke is so bad, I'd rather put it on my head, and you'd give it up. Honestly, it's a terrible attempt to make fun of me. It's not a joke, it's not a headache, it's not even a whisper of air from my esophagus. Science says, before you laugh, your brain heralds your face muscles, but I don't even feel a bit touched. The 0/10 joke is bad, and I can't believe that anyone is legally allowed to be creative. You have to inject the power of the brain into the potential of Hola, so that every house on Earth is empowered.",0
Heinigan 901 ball.,0
I know u got hella booty too,1
Honestly kid go post this on YouTube shorts you will get less hate ,1
@gerarayav8 solido,1
Mr. Nigton came back.,0
@kmtunduuu,1
@fresh.princeofjamaica,1
I HATE YOU I HATE YOU I HATE YOU,0
Ain’t nobody cumming to you lil nigga,0
"Go to school, go to the Lylewiggga School Whiggga School Whiggga School Whiggga School Whiggga School Whiggga School Whiggga School Whiggga School",0
Stfu bro nobody hear your shit,0
This isn't YouTube n*gga.,0
@noolimitpooh's hateful esh,0
@kidchriss Big Nigger ne aukaat dikha dikha di,0
You know I heard the origin of his kind were made this way,1
oo chigga(oo chigga),0
nigga why u ashy,0
I'm hard,1
@uncleshidfard91 I was sarcastic at the time.,0
Abe tera baap tereko marta nhi hai ky?,1
What’s bro yappen about ,1
is bro looksmaxx he would look goof,1
You spelt color wrong ,1
what.,1
"If there's no living object to feel, all your property will kill itself in the worst way.",0
Alright brodie go head and spread em,1
@telvinchege shut my gosh up.,0
Fat-ass niggers always lie.,0
@swrev_ why tf u like this gang,1
@txss.mauri me rn,1
He sold me fentanyl,1
70298k. Shut the fuck up.,0
I see that in my house and I shoot it with everything and machete with ganjrena,1
This nigga ,0
# It's got to be the Titi-Titi-Titi-Titi-Titi-Titi-Titi-Titi-Titi-Titi-Titi-Titi-Titi-Titi-Titi-Titi-Titi-Titi-Titi-Titi-Titi-Titi-Titi-Titi-Titi-Titi-Titi-Titi-Titi-Titi-Titi-Titi-Titi-Titi-Titi-Titi-Titi-Titi-Titi-Titi-Titi-Titi-Titi-Titi-Titi-Titi-Titi-Titi-Titi-Titi-Titi-Titi-Titi-Titi-Titi-Titi-Titi-Titi-Titi-Titi-Titi-Titi-Titi-Titi-Titi-Titi-Titi-Titi-Titi-Titi-Titi-Titi-Titi-Titi-Titi-T-T-T-T-T-T-T-T-T-T-T-T-T-T-T-T-T-T-T-T-T-T,0
I remember er my first time to,1
@luhtwxzzy @hunter_low00,1
It's a sound cookie.,0
I hate you. I hate you.,0
"@whyfearwhenyashishere then you should buy him kfc bro, he hungry",1
"Type A, type V, type V, type VI, type VI, type VI, type VI, type VI, type VI, type VI, type VI, type VI, type VI, type VI, type VI, type VI, type VI, type VI, type VI, type VI, type VI, type VI, type VI, type VI, type VI, type VI, type VI, type VI, type VI, type VI, type VI, type VI, type VI, type VI, type VI, type VI, type VI, type VI, type VI, type VI, type VI, type VI, type VI, type VI, type VI, type VI, type VI, type VI, type VI, type VI, type VI, type VI, type VI, type VI, type VI, type VI, type VI, type VI, type VI, type VI, type VI, type VI, type VI, type VI, type VI, type VI, type VI, type VI, type VI, type VI, type VI, type VI, type VI, type VI, type VI, type VI, type VI, type VI, type VI, type VI, type VI, type VI, type VI, type VI, type VI, type VI, type VI, type VI, type VI, type VI, type VI, type VI, 6 type VI, type VI, type 6 type 6 type 6 type 6 type 6 type 6 type 6 type 6 type 6 type 6 type 6 type 6 type VI,",0
You're a skinny nigger.,0
Love ur energy,1
I’ve met dudes who were unironically like this ,1
@jackmckenzie47 @sammytrumbly,1
What tf did I just watch,1
Sound,0
hellokittynigga92,1
Ooooo myyy gudddeeeee,1
"I want you to travel, mess up your brain, make you normal.",0
@rubn_ak ayeeeeeee  @lij.dabarbarian,1
"Big-ass, black-ass, black-ass, three-down, three-brow boy, looks like a big Mike under his neck.",0
يسري حافي ههههههههههههههههههههههههههههههههههههههههههههههههههههههههههههههه,1
Naah that's crazy,1
This relative penis.,0
"Not a smiley face, not a headache, not even a subtle amount of air from my esophagus. Science says, I didn't even feel a little touched before you laughed at your brain for your muscles. It's a bad joke, I can't believe that anyone legally allowed you any creativity. You have to put it into that joke. You have to put the amount of brain energy into that brain that has the potential to power every house on Earth. Get a personality, learn a joke, read a book. I'm not saying it's funny.",0
Chigga wtf gigawatts,0
Report this guy (I can't say the n word),1
It makes me look at it.,0
@d2slimey___ ,1
Are you acoustic?,0
@noolimitpooh's hateful esh,0
"This is the 24th time you've seen my fucking room. Oh, my fucking God.",0
I genuinely wanna kill myself more and more everytime I see your posts,0
hit the gym gang,1
America goes to foreign lands to start wars,1
Bros finna end up like trucks,1
@armin_azimiesverresen (@nickolasverresen) _armin_azimiesen (@nickolasverresen) _armin_azimiesen (@nickolasverresen (@unicolasverresen) _in_azimi13 _nickolasverrensen (@unicolasverrensen) _armin_azimazimiesen (@nickolasverresen) _unicolasverresen (@unicolasverresen) _armif_f_f_f_f_f_f_f_f_f_f_f_f_f_f_f_f_f_f_f_f_f_f_f_f_f_f_f_f_f_f_f_f_f_f_f_f_f_f_f_f_f_f_f_f_f_f_f_f_f_f_f_f_f_f_f_f_f_f_f_f_f_f_f_f_f_f_f_f_f_f_a_a_a_a_a_a_a_a_a_a_a_a_a_a_a_a_a_a_a_a_ (f_a_a_a_a_a_a_a_a_a_a_a_a_a_ (f_a_a_a_a_a_a_a_a_a_a_a_a_a_a_a_a_a_a_a_a_a_a_f_f_a_a_a_f_f_f_f_f_f_f_f_f_f_f_f_f_f_f_f_f_f_f_f_f_f_f_f_f/f_f_f/f/f/f/f/f_f_f_f_f_f_f_f/f/f/f/f/f/f_f/f/f/f/f/f/f_f_f/f,0
"Nigga, you're back.",0
Bi bi bi bi bi bi bi bik bike,1
"Not a smiley face, not a headache, not even a subtle amount of air from my esophagus. Science says, I didn't even feel a little touched before you laughed at your brain for your muscles. It's a bad joke, I can't believe that anyone legally allowed you any creativity. You have to put it into that joke. You have to put the amount of brain energy into that brain that has the potential to power every house on Earth. Get a personality, learn a joke, read a book. I'm not saying it's funny.",0
@telvinchege shut my gosh up.,0
"Who's Nicole, you?",0
Bro putting a second one of these videos on my reels got me feeling like Bush get off my screen,1
@noolimitpooh's hateful esh,0
Soft ass mf ,1
@vines.ethan it’s just a pfp,1
This hurts my eyes to watch,0
Big ass nigga triple chin boy look like a big Mac under his neck,0
Hard to watch hard while watching ,1
@ch._.kanz @oknaiklz ,1
 no way.... JACOB ,1
Take me for a nasty button...,0
@jal_paghdal15 give dat nigga some water,0
I’m gonna find you,1
"""hey bRo Go foWarD aH wHAT the FUaKK"". Got me dying",0
"Santa’s not real, Easter bunny not real, tooth fairy not real",1
Your my 13th reason why,1
bro been eating good,1
Niggers react longer than video.,0
Man awl hn yo cringy ahh,1
Lose weight nigga,0
Brilliant ,1
pretty sure we could take out 3/4 of china with a few bombs before they even knew what was coming but our president would just send them money ‍,1
My YouTube video when i accidently hold space for 5 seconds,1
Mr. Nigton came back.,0
I sold it lil brother fent lil bro,1
How can you write THIS Language,1
Translation @cobie399,1
"As soon as I heard the joke, I dropped my four-story phone on the balcony because it was very sad. I'd rather hear 200 loudspeakers for the rest of my life and hear the song I just heard.",0
This piece of shit. This piece of shit.,0
"Irma's oil, oil, oil, oil, touch you.",0
"Tofu, nobody listens to you.",0
Eggs who?,0
Do you have a voice?,0
@daxynjude stufu @daxynjude studu,0
"I want you to travel, mess up your brain, make you normal.",0
Say it dont spray it bro,1
I believe this is along the spectrum,0
nigga who the fuck are youu ,0
I've had enough of this nigger.,0
@at3nnnn ,1
Spicy.,0
I’m gonna inject fentanyl into your foreskin,0
Hate from Germany,0
Use me as a dislike button ------------>,0
Hatred from Germany.,0
L obesity I feel bad for bro,1
Chigga wtf gigawatts,0
"It's not funny for me. Your joke is so bad, I'd rather put it on my head, and you'd give it up. Honestly, it's a terrible attempt to make fun of me. It's not a joke, it's not a headache, it's not even a whisper of air from my esophagus. Science says, before you laugh, your brain heralds your face muscles, but I don't even feel a bit touched. The 0/10 joke is bad, and I can't believe that anyone is legally allowed to be creative. You have to inject the power of the brain into the potential of Hola, so that every house on Earth is empowered.",0
u hate this fat nigga,0
"Not funny I didn't laugh. Your joke is so bad I would have preferred the joke went over my head and you gave up re-telling me the joke. To be honest this is the horrid attempt at trying to get a laugh out of me. Not a chuckle, not a hehe, not even the subtle bust of air out of my esophagus. Science says before you laugh your brain preps your face muscles but I didn't even feel the slightest twitch. 0/10 this joke is bad I cannot believe anyone legally allowed to be creative at all. The amount of brain power your must have put into that hola has the potential to power every house of Earth. Get a personality and learn how to make jokes, read a book. I'm not saying this to be funny I genuinely mean it on how this is just bottom barrel embarrassment at comedy. You've single handedly killed humor and ever comedic act on the planet. I'm so disappointed that's society has talked as a whole in being able to teach you how to be funny. Honestly if I put in all my power and time to try and make your joke funny it would be required Einstein himself to build a device to strap me into so I can be connected to the energy of a billion stars to do it, and even then all the joke would get from people is a subtle scruff. You're lucky I still have the slightest of empathy for you after telling that joke I would have committed every war in crime in the book just to prevent you from attempting any humor ever again. We should put that joke in the text books so future generations can be wary of becoming such an absolute comedic failure. In disappointed hurt, and outright offended that my precious time has been wasted in my brain understanding that's joke. In the time thats took I was planning on helping kids who have been orphaned, but because of thats you've wasted my time explaining the obscene integrity of your terrible attempt at comedy. Now those kids are suffering without meals and there's nobody to blame but you. I hope you're happy with what you have done and I truly hope you can move on and learn from this situation.",0
@dinn_duvdevani he likes purple bro it’s not like he’s a fucking furry lol,1
Nmms  but Ong lol,1
@selfmadebando 1 like is crazy,1
Marla brought some sweets for your next meal with Fent.,0
Friendly fire will not be tolerated!,1
@whitney.2raww,1
friendly fire will not be tolerated,1
@hunterblomgren,1
I hope you trip and mess up your brain so bad that you become normal.,0
"Lived in china for many years and I actually enjoy it better than US in many aspects.  Amazing culinary, friendly people, way better infrastructure, no violence (you can literally walk in the streets at midnight and you will be fine). While US is more advanced in the military, China since ancient times have tried to awe the world with everything but violence.  Sure you can’t freely use social media but you download a VPN and you good to go.  Really a pointless video IMHO.",1
@zinthegreat99 ur not funny,0
So basically this nigga beatboxes after every sentence,1
Nigger turns around and talks to his partner.,0
Bro why,1
Gotta tuch u,0
kms,1
"Hey, come on, come on, come on, come on, come on, come on, come on, come on, come on, come on.",0
You're retarded.,0
I want to kms rn bro tf was that shit ,1
pLzdOnTbRaKeuPWiThmEbaBu,1
Say it don’t spray it,1
Mr. Niggerton back wit the yappinh,0
@cringegreeen @vaibh.av_,1
Bro is going to watch this in five years and realize how weird he was ,1
"As soon as I heard the joke, I dropped my four-story phone on the balcony because it was very sad. I'd rather hear 200 loudspeakers for the rest of my life and hear the song I just heard.",0
@nick_el_mejor @onanmv @_fucksteven,1
I'm talking about niggers.,0
How bro felt after posting this ,1
"Lil Chigga wouldn't be disrespectful to my motherland, Emma, for sending him back to make more calls, would he?",0
He is right!,1
He’s clearly mixed‍,1
That one friend who says they have good internet but still have 300 ping,1
I thought he was joking but he is actually retarded.,0
Blud was skinny asf like 2 years ago ,1
@ch._.kanz @1take_yousef Ayy insta is wild,1
